{"name":"720p_UI","x":0,"y":0,"width":1280,"height":720,"theme":"Default Light","elements":[{"id":1,"type":1,"name":"Overlay","event":"","x":0,"y":0,"width":1280,"height":720,"rotation":0,"text":"My Image.001","asset":"UI.png","progress_at":0,"progress_total":100,"strength":1,"alignment":0,"anchor":0,"parent":null,"children":[],"visible":true},{"id":2,"type":12,"name":"Filled_Rectangle","event":"","x":13.9,"y":675.5,"width":62,"height":31,"rotation":0,"text":"My Filled_Rectangle","asset":"","progress_at":0,"progress_total":100,"strength":1,"alignment":0,"anchor":0,"parent":null,"children":[],"visible":true,"color":654311423}],"assets":[{"name":"UI.png","file":"../../Textures/UI.png","id":0}]}