[{"NAME":"Default Light","WINDOW_BG_COL":-1052689,"WINDOW_TINT_COL":-14540254,"ACCENT_COL":-1118482,"ACCENT_HOVER_COL":-4473925,"ACCENT_SELECT_COL":-5592406,"BUTTON_COL":-3355444,"BUTTON_TEXT_COL":-14540254,"BUTTON_HOVER_COL":-5000269,"BUTTON_PRESSED_COL":-5131855,"TEXT_COL":-6710887,"LABEL_COL":-5592406,"SEPARATOR_COL":-6710887,"HIGHLIGHT_COL":-14656100,"CONTEXT_COL":-5592406,"PANEL_BG_COL":-5592406,"FONT_SIZE":26,"ELEMENT_W":200,"ELEMENT_H":48,"ELEMENT_OFFSET":8,"ARROW_SIZE":10,"BUTTON_H":44,"CHECK_SIZE":30,"CHECK_SELECT_SIZE":16,"SCROLL_W":12,"TEXT_OFFSET":16,"TAB_W":24,"FILL_WINDOW_BG":false,"FILL_BUTTON_BG":true,"FILL_ACCENT_BG":false,"LINK_STYLE":0}]